Year,City,Population,Type,Crime Rate
2014,Ahmedabad,63.5,Murder,1.29133858267717
2015,Ahmedabad,63.5,Murder,1.48031496062992
2016,Ahmedabad,63.5,Murder,1.62204724409449
2017,Ahmedabad,63.5,Murder,1.41732283464567
2018,Ahmedabad,63.5,Murder,1.54330708661417
2019,Ahmedabad,63.5,Murder,1.2755905511811
2020,Ahmedabad,63.5,Murder,1.10236220472441
2021,Ahmedabad,63.5,Murder,1.52755905511811
2014,Bengaluru,85,Murder,2.83529411764706
2015,Bengaluru,85,Murder,2.76470588235294
2016,Bengaluru,85,Murder,2.69411764705882
2017,Bengaluru,85,Murder,2.76470588235294
2018,Bengaluru,85,Murder,2.56470588235294
2019,Bengaluru,85,Murder,2.4
2020,Bengaluru,85,Murder,2.10588235294118
2021,Bengaluru,85,Murder,1.82352941176471
2014,Chennai,87,Murder,1.85057471264368
2015,Chennai,87,Murder,1.71264367816092
2016,Chennai,87,Murder,1.52873563218391
2017,Chennai,87,Murder,1.77011494252874
2018,Chennai,87,Murder,1.97701149425287
2019,Chennai,87,Murder,1.97701149425287
2020,Chennai,87,Murder,1.72413793103448
2021,Chennai,87,Murder,1.85057471264368
2014,Coimbatore,21.5,Murder,0.976744186046512
2015,Coimbatore,21.5,Murder,1.16279069767442
2016,Coimbatore,21.5,Murder,1.25581395348837
2017,Coimbatore,21.5,Murder,0.976744186046512
2018,Coimbatore,21.5,Murder,1.44186046511628
2019,Coimbatore,21.5,Murder,1.81395348837209
2020,Coimbatore,21.5,Murder,1.44186046511628
2021,Coimbatore,21.5,Murder,1.3953488372093
2014,Delhi,163.1,Murder,2.89393010423053
2015,Delhi,163.1,Murder,2.9429797670141
2016,Delhi,163.1,Murder,2.93684855916616
2017,Delhi,163.1,Murder,2.45248313917842
2018,Delhi,163.1,Murder,2.55058246474555
2019,Delhi,163.1,Murder,3.09625996321275
2020,Delhi,163.1,Murder,2.82648681790313
2021,Delhi,163.1,Murder,2.78356836296751
2014,Ghaziabad,23.6,Murder,3.09322033898305
2015,Ghaziabad,23.6,Murder,2.75423728813559
2016,Ghaziabad,23.6,Murder,2.5
2017,Ghaziabad,23.6,Murder,2.20338983050847
2018,Ghaziabad,23.6,Murder,2.20338983050847
2019,Ghaziabad,23.6,Murder,2.03389830508475
2020,Ghaziabad,23.6,Murder,0.974576271186441
2021,Ghaziabad,23.6,Murder,1.0593220338983
2014,Hyderabad,77.5,Murder,1.52258064516129
2015,Hyderabad,77.5,Murder,1.2258064516129
2016,Hyderabad,77.5,Murder,1.10967741935484
2017,Hyderabad,77.5,Murder,0.825806451612903
2018,Hyderabad,77.5,Murder,1.04516129032258
2019,Hyderabad,77.5,Murder,1.10967741935484
2020,Hyderabad,77.5,Murder,0.916129032258065
2021,Hyderabad,77.5,Murder,1.26451612903226
2014,Indore,21.7,Murder,4.05529953917051
2015,Indore,21.7,Murder,2.8110599078341
2016,Indore,21.7,Murder,2.67281105990783
2017,Indore,21.7,Murder,2.94930875576037
2018,Indore,21.7,Murder,2.62672811059908
2019,Indore,21.7,Murder,2.62672811059908
2020,Indore,21.7,Murder,2.90322580645161
2021,Indore,21.7,Murder,2.48847926267281
2014,Jaipur,30.7,Murder,3.51791530944625
2015,Jaipur,30.7,Murder,2.93159609120521
2016,Jaipur,30.7,Murder,3.15960912052117
2017,Jaipur,30.7,Murder,2.93159609120521
2018,Jaipur,30.7,Murder,3.12703583061889
2019,Jaipur,30.7,Murder,3.02931596091205
2020,Jaipur,30.7,Murder,3.09446254071661
2021,Jaipur,30.7,Murder,3.84364820846905
2014,Kanpur,29.2,Murder,1.91780821917808
2015,Kanpur,29.2,Murder,2.02054794520548
2016,Kanpur,29.2,Murder,2.36301369863014
2017,Kanpur,29.2,Murder,1.74657534246575
2018,Kanpur,29.2,Murder,1.74657534246575
2019,Kanpur,29.2,Murder,1.81506849315069
2020,Kanpur,29.2,Murder,1.4041095890411
2021,Kanpur,29.2,Murder,1.64383561643836
2014,Kochi,21.2,Murder,0.613207547169811
2015,Kochi,21.2,Murder,0.566037735849057
2016,Kochi,21.2,Murder,0.471698113207547
2017,Kochi,21.2,Murder,0.518867924528302
2018,Kochi,21.2,Murder,0.566037735849057
2019,Kochi,21.2,Murder,1.0377358490566
2020,Kochi,21.2,Murder,0.424528301886793
2021,Kochi,21.2,Murder,0.471698113207547
2014,Kolkata,141.1,Murder,0.524450744153083
2015,Kolkata,141.1,Murder,0.460666194188519
2016,Kolkata,141.1,Murder,0.552799433026223
2017,Kolkata,141.1,Murder,0.453579021970234
2018,Kolkata,141.1,Murder,0.38979447200567
2019,Kolkata,141.1,Murder,0.354358610914245
2020,Kolkata,141.1,Murder,0.3756201275691
2021,Kolkata,141.1,Murder,0.318922749822821
2014,Kozhikode,20.3,Murder,0.394088669950739
2015,Kozhikode,20.3,Murder,0.197044334975369
2016,Kozhikode,20.3,Murder,0.147783251231527
2017,Kozhikode,20.3,Murder,0.344827586206897
2018,Kozhikode,20.3,Murder,0.394088669950739
2019,Kozhikode,20.3,Murder,0.344827586206897
2020,Kozhikode,20.3,Murder,0.246305418719212
2021,Kozhikode,20.3,Murder,0.246305418719212
2014,Lucknow,29,Murder,3.68965517241379
2015,Lucknow,29,Murder,3.41379310344828
2016,Lucknow,29,Murder,3.3448275862069
2017,Lucknow,29,Murder,2.72413793103448
2018,Lucknow,29,Murder,2.89655172413793
2019,Lucknow,29,Murder,2.58620689655172
2020,Lucknow,29,Murder,2.79310344827586
2021,Lucknow,29,Murder,3.48275862068965
2014,Mumbai,184.1,Murder,0.994024986420424
2015,Mumbai,184.1,Murder,0.86909288430201
2016,Mumbai,184.1,Murder,0.798479087452472
2017,Mumbai,184.1,Murder,0.68984247691472
2018,Mumbai,184.1,Murder,0.89082020640956
2019,Mumbai,184.1,Murder,0.91254752851711
2020,Mumbai,184.1,Murder,0.803910917979359
2021,Mumbai,184.1,Murder,0.879956545355785
2014,Nagpur,25,Murder,4.12
2015,Nagpur,25,Murder,3.52
2016,Nagpur,25,Murder,3.68
2017,Nagpur,25,Murder,3.4
2018,Nagpur,25,Murder,2.88
2019,Nagpur,25,Murder,3.6
2020,Nagpur,25,Murder,3.88
2021,Nagpur,25,Murder,3.8
2014,Patna,20.5,Murder,10
2015,Patna,20.5,Murder,9.26829268292683
2016,Patna,20.5,Murder,9.51219512195122
2017,Patna,20.5,Murder,8.92682926829268
2018,Patna,20.5,Murder,4.4390243902439
2019,Patna,20.5,Murder,4.68292682926829
2020,Patna,20.5,Murder,3.85365853658537
2021,Patna,20.5,Murder,3.70731707317073
2014,Pune,50.5,Murder,2.73267326732673
2015,Pune,50.5,Murder,2.47524752475247
2016,Pune,50.5,Murder,2.57425742574257
2017,Pune,50.5,Murder,2.17821782178218
2018,Pune,50.5,Murder,1.44554455445545
2019,Pune,50.5,Murder,1.46534653465347
2020,Pune,50.5,Murder,1.52475247524752
2021,Pune,50.5,Murder,1.98019801980198
2014,Surat,45.8,Murder,1.85589519650655
2015,Surat,45.8,Murder,1.96506550218341
2016,Surat,45.8,Murder,2.22707423580786
2017,Surat,45.8,Murder,1.94323144104803
2018,Surat,45.8,Murder,2.35807860262009
2019,Surat,45.8,Murder,2.117903930131
2020,Surat,45.8,Murder,2.53275109170306
2021,Surat,45.8,Murder,2.64192139737991
2014,Ahmedabad,63.5,Kidnapping,5.77952755905512
2015,Ahmedabad,63.5,Kidnapping,5.22834645669291
2016,Ahmedabad,63.5,Kidnapping,5.92125984251969
2017,Ahmedabad,63.5,Kidnapping,4.14173228346457
2018,Ahmedabad,63.5,Kidnapping,4.36220472440945
2019,Ahmedabad,63.5,Kidnapping,3.90551181102362
2020,Ahmedabad,63.5,Kidnapping,2.8503937007874
2021,Ahmedabad,63.5,Kidnapping,2.88188976377953
2014,Bengaluru,85,Kidnapping,8.32941176470588
2015,Bengaluru,85,Kidnapping,9.14117647058823
2016,Bengaluru,85,Kidnapping,11.4588235294118
2017,Bengaluru,85,Kidnapping,12.3529411764706
2018,Bengaluru,85,Kidnapping,12.8235294117647
2019,Bengaluru,85,Kidnapping,12.3882352941176
2020,Bengaluru,85,Kidnapping,8.37647058823529
2021,Bengaluru,85,Kidnapping,9.54117647058824
2014,Chennai,87,Kidnapping,0.413793103448276
2015,Chennai,87,Kidnapping,0.425287356321839
2016,Chennai,87,Kidnapping,0.390804597701149
2017,Chennai,87,Kidnapping,0.620689655172414
2018,Chennai,87,Kidnapping,0.64367816091954
2019,Chennai,87,Kidnapping,0.563218390804598
2020,Chennai,87,Kidnapping,0.425287356321839
2021,Chennai,87,Kidnapping,0.816091954022989
2014,Coimbatore,21.5,Kidnapping,0.651162790697674
2015,Coimbatore,21.5,Kidnapping,0.465116279069767
2016,Coimbatore,21.5,Kidnapping,0.372093023255814
2017,Coimbatore,21.5,Kidnapping,0.232558139534884
2018,Coimbatore,21.5,Kidnapping,0.465116279069767
2019,Coimbatore,21.5,Kidnapping,0.325581395348837
2020,Coimbatore,21.5,Kidnapping,0.186046511627907
2021,Coimbatore,21.5,Kidnapping,0.511627906976744
2014,Delhi,163.1,Kidnapping,36.8853464132434
2015,Delhi,163.1,Kidnapping,40.6499080318823
2016,Delhi,163.1,Kidnapping,36.3274064990803
2017,Delhi,163.1,Kidnapping,31.9006744328633
2018,Delhi,163.1,Kidnapping,31.4163090128755
2019,Delhi,163.1,Kidnapping,35.229920294298
2020,Delhi,163.1,Kidnapping,24.5922746781116
2021,Delhi,163.1,Kidnapping,33.5683629675046
2014,Ghaziabad,23.6,Kidnapping,11.6949152542373
2015,Ghaziabad,23.6,Kidnapping,13.3474576271186
2016,Ghaziabad,23.6,Kidnapping,15.5932203389831
2017,Ghaziabad,23.6,Kidnapping,22.5423728813559
2018,Ghaziabad,23.6,Kidnapping,23.1779661016949
2019,Ghaziabad,23.6,Kidnapping,17.2881355932203
2020,Ghaziabad,23.6,Kidnapping,3.30508474576271
2021,Ghaziabad,23.6,Kidnapping,2.11864406779661
2014,Hyderabad,77.5,Kidnapping,4.8258064516129
2015,Hyderabad,77.5,Kidnapping,4.28387096774194
2016,Hyderabad,77.5,Kidnapping,4.63225806451613
2017,Hyderabad,77.5,Kidnapping,4.4
2018,Hyderabad,77.5,Kidnapping,5.30322580645161
2019,Hyderabad,77.5,Kidnapping,6.69677419354839
2020,Hyderabad,77.5,Kidnapping,5.81935483870968
2021,Hyderabad,77.5,Kidnapping,6.61935483870968
2014,Indore,21.7,Kidnapping,20.2304147465438
2015,Indore,21.7,Kidnapping,20.8755760368664
2016,Indore,21.7,Kidnapping,17.6497695852535
2017,Indore,21.7,Kidnapping,30.8294930875576
2018,Indore,21.7,Kidnapping,24.1013824884793
2019,Indore,21.7,Kidnapping,26.9585253456221
2020,Indore,21.7,Kidnapping,21.4746543778802
2021,Indore,21.7,Kidnapping,31.9815668202765
2014,Jaipur,30.7,Kidnapping,21.2703583061889
2015,Jaipur,30.7,Kidnapping,20.5211726384365
2016,Jaipur,30.7,Kidnapping,18.5342019543974
2017,Jaipur,30.7,Kidnapping,16.9381107491857
2018,Jaipur,30.7,Kidnapping,17.4918566775244
2019,Jaipur,30.7,Kidnapping,27.0032573289902
2020,Jaipur,30.7,Kidnapping,17.328990228013
2021,Jaipur,30.7,Kidnapping,19.9674267100977
2014,Kanpur,29.2,Kidnapping,7.97945205479452
2015,Kanpur,29.2,Kidnapping,8.86986301369863
2016,Kanpur,29.2,Kidnapping,14.0068493150685
2017,Kanpur,29.2,Kidnapping,18.527397260274
2018,Kanpur,29.2,Kidnapping,18.527397260274
2019,Kanpur,29.2,Kidnapping,10
2020,Kanpur,29.2,Kidnapping,7.63698630136986
2021,Kanpur,29.2,Kidnapping,5.20547945205479
2014,Kochi,21.2,Kidnapping,0.188679245283019
2015,Kochi,21.2,Kidnapping,0.613207547169811
2016,Kochi,21.2,Kidnapping,0.660377358490566
2017,Kochi,21.2,Kidnapping,0.89622641509434
2018,Kochi,21.2,Kidnapping,0.518867924528302
2019,Kochi,21.2,Kidnapping,0.990566037735849
2020,Kochi,21.2,Kidnapping,0.707547169811321
2021,Kochi,21.2,Kidnapping,0.613207547169811
2014,Kolkata,141.1,Kidnapping,2.43090007087172
2015,Kolkata,141.1,Kidnapping,2.21119773210489
2016,Kolkata,141.1,Kidnapping,2.05527994330262
2017,Kolkata,141.1,Kidnapping,2.65060240963855
2018,Kolkata,141.1,Kidnapping,2.67895109851169
2019,Kolkata,141.1,Kidnapping,1.55917788802268
2020,Kolkata,141.1,Kidnapping,2.18284904323175
2021,Kolkata,141.1,Kidnapping,2.45216158752658
2014,Kozhikode,20.3,Kidnapping,0.0985221674876847
2015,Kozhikode,20.3,Kidnapping,0.492610837438424
2016,Kozhikode,20.3,Kidnapping,0.344827586206897
2017,Kozhikode,20.3,Kidnapping,0.640394088669951
2018,Kozhikode,20.3,Kidnapping,0.935960591133005
2019,Kozhikode,20.3,Kidnapping,1.33004926108374
2020,Kozhikode,20.3,Kidnapping,0.591133004926108
2021,Kozhikode,20.3,Kidnapping,1.03448275862069
2014,Lucknow,29,Kidnapping,12
2015,Lucknow,29,Kidnapping,9.82758620689655
2016,Lucknow,29,Kidnapping,31.8620689655172
2017,Lucknow,29,Kidnapping,23.5862068965517
2018,Lucknow,29,Kidnapping,38.3448275862069
2019,Lucknow,29,Kidnapping,9.27586206896552
2020,Lucknow,29,Kidnapping,25.3448275862069
2021,Lucknow,29,Kidnapping,26.6551724137931
2014,Mumbai,184.1,Kidnapping,2.93862031504617
2015,Mumbai,184.1,Kidnapping,8.59858772406301
2016,Mumbai,184.1,Kidnapping,10.5866376969039
2017,Mumbai,184.1,Kidnapping,11.7273221075503
2018,Mumbai,184.1,Kidnapping,11.9608908202064
2019,Mumbai,184.1,Kidnapping,11.4177077675176
2020,Mumbai,184.1,Kidnapping,6.37153720803911
2021,Mumbai,184.1,Kidnapping,8.63661053775122
2014,Nagpur,25,Kidnapping,5.8
2015,Nagpur,25,Kidnapping,14.2
2016,Nagpur,25,Kidnapping,20.36
2017,Nagpur,25,Kidnapping,19.76
2018,Nagpur,25,Kidnapping,19.92
2019,Nagpur,25,Kidnapping,21.44
2020,Nagpur,25,Kidnapping,13.36
2021,Nagpur,25,Kidnapping,16.6
2014,Patna,20.5,Kidnapping,29.219512195122
2015,Patna,20.5,Kidnapping,42.390243902439
2016,Patna,20.5,Kidnapping,40.0975609756098
2017,Patna,20.5,Kidnapping,26.4390243902439
2018,Patna,20.5,Kidnapping,39.3170731707317
2019,Patna,20.5,Kidnapping,38.780487804878
2020,Patna,20.5,Kidnapping,20.8292682926829
2021,Patna,20.5,Kidnapping,26.780487804878
2014,Pune,50.5,Kidnapping,4.51485148514851
2015,Pune,50.5,Kidnapping,14
2016,Pune,50.5,Kidnapping,16.8514851485149
2017,Pune,50.5,Kidnapping,19.0891089108911
2018,Pune,50.5,Kidnapping,12.5940594059406
2019,Pune,50.5,Kidnapping,12.970297029703
2020,Pune,50.5,Kidnapping,8.61386138613861
2021,Pune,50.5,Kidnapping,11.3069306930693
2014,Surat,45.8,Kidnapping,5.74235807860262
2015,Surat,45.8,Kidnapping,5.39301310043668
2016,Surat,45.8,Kidnapping,5.89519650655022
2017,Surat,45.8,Kidnapping,7.24890829694323
2018,Surat,45.8,Kidnapping,8.14410480349345
2019,Surat,45.8,Kidnapping,7.81659388646288
2020,Surat,45.8,Kidnapping,3.5589519650655
2021,Surat,45.8,Kidnapping,5.89519650655022
2014,Ahmedabad,63.5,Crime against women,21.5905511811024
2015,Ahmedabad,63.5,Crime against women,16.8031496062992
2016,Ahmedabad,63.5,Crime against women,17.7322834645669
2017,Ahmedabad,63.5,Crime against women,22.1259842519685
2018,Ahmedabad,63.5,Crime against women,22.2992125984252
2019,Ahmedabad,63.5,Crime against women,25.7165354330709
2020,Ahmedabad,63.5,Crime against women,24
2021,Ahmedabad,63.5,Crime against women,24.4724409448819
2014,Bengaluru,85,Crime against women,36.4705882352941
2015,Bengaluru,85,Crime against women,36.5764705882353
2016,Bengaluru,85,Crime against women,40.1411764705882
2017,Bengaluru,85,Crime against women,41.9411764705882
2018,Bengaluru,85,Crime against women,40.3176470588235
2019,Bengaluru,85,Crime against women,41.0117647058824
2020,Bengaluru,85,Crime against women,32.1176470588235
2021,Bengaluru,85,Crime against women,36.7882352941176
2014,Chennai,87,Crime against women,10.4137931034483
2015,Chennai,87,Crime against women,6.1264367816092
2016,Chennai,87,Crime against women,6.25287356321839
2017,Chennai,87,Crime against women,7.37931034482759
2018,Chennai,87,Crime against women,8.74712643678161
2019,Chennai,87,Crime against women,8.31034482758621
2020,Chennai,87,Crime against women,6.62068965517241
2021,Chennai,87,Crime against women,10.0459770114942
2014,Coimbatore,21.5,Crime against women,4.88372093023256
2015,Coimbatore,21.5,Crime against women,5.06976744186047
2016,Coimbatore,21.5,Crime against women,4.74418604651163
2017,Coimbatore,21.5,Crime against women,3.53488372093023
2018,Coimbatore,21.5,Crime against women,4.97674418604651
2019,Coimbatore,21.5,Crime against women,3.95348837209302
2020,Coimbatore,21.5,Crime against women,4.51162790697674
2021,Coimbatore,21.5,Crime against women,8.83720930232558
2014,Delhi,163.1,Crime against women,81.2998160637646
2015,Delhi,163.1,Crime against women,82.7835683629675
2016,Delhi,163.1,Crime against women,84.6290619251993
2017,Delhi,163.1,Crime against women,70.7664009809933
2018,Delhi,163.1,Crime against women,71.8822808093194
2019,Delhi,163.1,Crime against women,79.1048436541999
2020,Delhi,163.1,Crime against women,59.9754751686082
2021,Delhi,163.1,Crime against women,85.7265481299816
2014,Ghaziabad,23.6,Crime against women,43.5169491525424
2015,Ghaziabad,23.6,Crime against women,38.3050847457627
2016,Ghaziabad,23.6,Crime against women,43.6864406779661
2017,Ghaziabad,23.6,Crime against women,49.4067796610169
2018,Ghaziabad,23.6,Crime against women,47.7966101694915
2019,Ghaziabad,23.6,Crime against women,33.6016949152542
2020,Ghaziabad,23.6,Crime against women,14.4491525423729
2021,Ghaziabad,23.6,Crime against women,25.0423728813559
2014,Hyderabad,77.5,Crime against women,27.458064516129
2015,Hyderabad,77.5,Crime against women,31.6129032258064
2016,Hyderabad,77.5,Crime against women,31.2129032258064
2017,Hyderabad,77.5,Crime against women,29.3161290322581
2018,Hyderabad,77.5,Crime against women,30.0903225806452
2019,Hyderabad,77.5,Crime against women,35.5483870967742
2020,Hyderabad,77.5,Crime against women,30.8387096774194
2021,Hyderabad,77.5,Crime against women,39.3548387096774
2014,Indore,21.7,Crime against women,43.3640552995392
2015,Indore,21.7,Crime against women,42.8110599078341
2016,Indore,21.7,Crime against women,48.6175115207373
2017,Indore,21.7,Crime against women,62.1658986175115
2018,Indore,21.7,Crime against women,73.4101382488479
2019,Indore,21.7,Crime against women,80.8755760368664
2020,Indore,21.7,Crime against women,62.0276497695853
2021,Indore,21.7,Crime against women,82.6728110599078
2014,Jaipur,30.7,Crime against women,79.0879478827362
2015,Jaipur,30.7,Crime against women,71.6938110749186
2016,Jaipur,30.7,Crime against women,68.0781758957655
2017,Jaipur,30.7,Crime against women,60.4885993485342
2018,Jaipur,30.7,Crime against women,66.1237785016287
2019,Jaipur,30.7,Crime against women,111.302931596091
2020,Jaipur,30.7,Crime against women,77.1661237785016
2021,Jaipur,30.7,Crime against women,92.0846905537459
2014,Kanpur,29.2,Crime against women,29.4178082191781
2015,Kanpur,29.2,Crime against women,27.9794520547945
2016,Kanpur,29.2,Crime against women,35.958904109589
2017,Kanpur,29.2,Crime against women,53.9041095890411
2018,Kanpur,29.2,Crime against women,53.9041095890411
2019,Kanpur,29.2,Crime against women,45.0342465753425
2020,Kanpur,29.2,Crime against women,36.1643835616438
2021,Kanpur,29.2,Crime against women,30.6164383561644
2014,Kochi,21.2,Crime against women,21.8867924528302
2015,Kochi,21.2,Crime against women,19.2452830188679
2016,Kochi,21.2,Crime against women,18.4905660377358
2017,Kochi,21.2,Crime against women,25.2358490566038
2018,Kochi,21.2,Crime against women,25.3301886792453
2019,Kochi,21.2,Crime against women,23.2075471698113
2020,Kochi,21.2,Crime against women,19.0094339622642
2021,Kochi,21.2,Crime against women,25.0471698113208
2014,Kolkata,141.1,Crime against women,16.6761162296244
2015,Kolkata,141.1,Crime against women,13.656980864635
2016,Kolkata,141.1,Crime against women,11.9985825655563
2017,Kolkata,141.1,Crime against women,13.9971651311127
2018,Kolkata,141.1,Crime against women,15.4216867469879
2019,Kolkata,141.1,Crime against women,10.446491849752
2020,Kolkata,141.1,Crime against women,14.1814316087881
2021,Kolkata,141.1,Crime against women,12.636428065202
2014,Kozhikode,20.3,Crime against women,16.8965517241379
2015,Kozhikode,20.3,Crime against women,17.8817733990148
2016,Kozhikode,20.3,Crime against women,17.3399014778325
2017,Kozhikode,20.3,Crime against women,17.0935960591133
2018,Kozhikode,20.3,Crime against women,17.192118226601
2019,Kozhikode,20.3,Crime against women,23.3004926108374
2020,Kozhikode,20.3,Crime against women,19.4088669950739
2021,Kozhikode,20.3,Crime against women,31.1330049261084
2014,Lucknow,29,Crime against women,43.448275862069
2015,Lucknow,29,Crime against women,50.3793103448276
2016,Lucknow,29,Crime against women,76.0344827586207
2017,Lucknow,29,Crime against women,85.1034482758621
2018,Lucknow,29,Crime against women,94.3448275862069
2019,Lucknow,29,Crime against women,83.6206896551724
2020,Lucknow,29,Crime against women,90.8965517241379
2021,Lucknow,29,Crime against women,74.5172413793103
2014,Mumbai,184.1,Crime against women,21.5860945138512
2015,Mumbai,184.1,Crime against women,26.1759913090712
2016,Mumbai,184.1,Crime against women,27.8544269418794
2017,Mumbai,184.1,Crime against women,29.6197718631179
2018,Mumbai,184.1,Crime against women,32.9060293318849
2019,Mumbai,184.1,Crime against women,35.41010320478
2020,Mumbai,184.1,Crime against women,24.8940793047257
2021,Mumbai,184.1,Crime against women,30.1086366105378
2014,Nagpur,25,Crime against women,32.56
2015,Nagpur,25,Crime against women,52.48
2016,Nagpur,25,Crime against women,55.16
2017,Nagpur,25,Crime against women,46.08
2018,Nagpur,25,Crime against women,43.32
2019,Nagpur,25,Crime against women,45.76
2020,Nagpur,25,Crime against women,36.8
2021,Nagpur,25,Crime against women,46.24
2014,Patna,20.5,Crime against women,50.2926829268293
2015,Patna,20.5,Crime against women,65.3658536585366
2016,Patna,20.5,Crime against women,62.6341463414634
2017,Patna,20.5,Crime against women,42.4390243902439
2018,Patna,20.5,Crime against women,46.6341463414634
2019,Patna,20.5,Crime against women,47.8536585365854
2020,Patna,20.5,Crime against women,24.1463414634146
2021,Patna,20.5,Crime against women,23.7560975609756
2014,Pune,50.5,Crime against women,26.2772277227723
2015,Pune,50.5,Crime against women,39.2871287128713
2016,Pune,50.5,Crime against women,42.1980198019802
2017,Pune,50.5,Crime against women,40.2376237623762
2018,Pune,50.5,Crime against women,29.3267326732673
2019,Pune,50.5,Crime against women,27.5247524752475
2020,Pune,50.5,Crime against women,20.8910891089109
2021,Pune,50.5,Crime against women,32
2014,Surat,45.8,Crime against women,15.1528384279476
2015,Surat,45.8,Crime against women,10.9606986899563
2016,Surat,45.8,Crime against women,12.3362445414847
2017,Surat,45.8,Crime against women,12.2052401746725
2018,Surat,45.8,Crime against women,15.5458515283843
2019,Surat,45.8,Crime against women,22.1615720524017
2020,Surat,45.8,Crime against women,13.82096069869
2021,Surat,45.8,Crime against women,13.5807860262009
2014,Ahmedabad,63.5,Crime against children,6.88188976377953
2015,Ahmedabad,63.5,Crime against children,9.59055118110236
2016,Ahmedabad,63.5,Crime against children,7.5748031496063
2017,Ahmedabad,63.5,Crime against children,9.44881889763779
2018,Ahmedabad,63.5,Crime against children,11.5433070866142
2019,Ahmedabad,63.5,Crime against children,12.1417322834646
2020,Ahmedabad,63.5,Crime against children,9.49606299212598
2021,Ahmedabad,63.5,Crime against children,10.8818897637795
2014,Bengaluru,85,Crime against children,12.5058823529412
2015,Bengaluru,85,Crime against children,12.7764705882353
2016,Bengaluru,85,Crime against children,15.6823529411765
2017,Bengaluru,85,Crime against children,18.6117647058824
2018,Bengaluru,85,Crime against children,21.3529411764706
2019,Bengaluru,85,Crime against children,17.5058823529412
2020,Bengaluru,85,Crime against children,12.9764705882353
2021,Bengaluru,85,Crime against children,15.7882352941176
2014,Chennai,87,Crime against children,2.35632183908046
2015,Chennai,87,Crime against children,2.22988505747126
2016,Chennai,87,Crime against children,2.64367816091954
2017,Chennai,87,Crime against children,2.86206896551724
2018,Chennai,87,Crime against children,8.90804597701149
2019,Chennai,87,Crime against children,8.40229885057471
2020,Chennai,87,Crime against children,3.51724137931035
2021,Chennai,87,Crime against children,6.27586206896552
2014,Coimbatore,21.5,Crime against children,1.02325581395349
2015,Coimbatore,21.5,Crime against children,1.76744186046512
2016,Coimbatore,21.5,Crime against children,3.20930232558139
2017,Coimbatore,21.5,Crime against children,1.48837209302326
2018,Coimbatore,21.5,Crime against children,1.81395348837209
2019,Coimbatore,21.5,Crime against children,2.09302325581395
2020,Coimbatore,21.5,Crime against children,5.16279069767442
2021,Coimbatore,21.5,Crime against children,4.93023255813953
2014,Delhi,163.1,Crime against children,49.9019006744329
2015,Delhi,163.1,Crime against children,49.2642550582465
2016,Delhi,163.1,Crime against children,45.3218884120172
2017,Delhi,163.1,Crime against children,41.9619865113427
2018,Delhi,163.1,Crime against children,42.0171673819742
2019,Delhi,163.1,Crime against children,46.3825873697118
2020,Delhi,163.1,Crime against children,32.2256284488044
2021,Delhi,163.1,Crime against children,43.0962599632128
2014,Ghaziabad,23.6,Crime against children,8.09322033898305
2015,Ghaziabad,23.6,Crime against children,7.6271186440678
2016,Ghaziabad,23.6,Crime against children,5.50847457627119
2017,Ghaziabad,23.6,Crime against children,1.77966101694915
2018,Ghaziabad,23.6,Crime against children,3.60169491525424
2019,Ghaziabad,23.6,Crime against children,21.228813559322
2020,Ghaziabad,23.6,Crime against children,5.93220338983051
2021,Ghaziabad,23.6,Crime against children,5.76271186440678
2014,Hyderabad,77.5,Crime against children,5.9741935483871
2015,Hyderabad,77.5,Crime against children,6.27096774193548
2016,Hyderabad,77.5,Crime against children,5.29032258064516
2017,Hyderabad,77.5,Crime against children,4.96774193548387
2018,Hyderabad,77.5,Crime against children,6.33548387096774
2019,Hyderabad,77.5,Crime against children,6.52903225806452
2020,Hyderabad,77.5,Crime against children,6.0258064516129
2021,Hyderabad,77.5,Crime against children,8.01290322580645
2014,Indore,21.7,Crime against children,33.6405529953917
2015,Indore,21.7,Crime against children,22.0276497695852
2016,Indore,21.7,Crime against children,29.0783410138249
2017,Indore,21.7,Crime against children,36.036866359447
2018,Indore,21.7,Crime against children,44.3317972350231
2019,Indore,21.7,Crime against children,44.5622119815668
2020,Indore,21.7,Crime against children,35.3456221198157
2021,Indore,21.7,Crime against children,49.815668202765
2014,Jaipur,30.7,Crime against children,21.042345276873
2015,Jaipur,30.7,Crime against children,24.3322475570033
2016,Jaipur,30.7,Crime against children,22.7687296416938
2017,Jaipur,30.7,Crime against children,22.1172638436482
2018,Jaipur,30.7,Crime against children,20.0325732899023
2019,Jaipur,30.7,Crime against children,29.6416938110749
2020,Jaipur,30.7,Crime against children,22.5081433224756
2021,Jaipur,30.7,Crime against children,23.7133550488599
2014,Kanpur,29.2,Crime against children,5.03424657534247
2015,Kanpur,29.2,Crime against children,5.13698630136986
2016,Kanpur,29.2,Crime against children,6.47260273972603
2017,Kanpur,29.2,Crime against children,10.3767123287671
2018,Kanpur,29.2,Crime against children,10.3767123287671
2019,Kanpur,29.2,Crime against children,9.45205479452055
2020,Kanpur,29.2,Crime against children,7.02054794520548
2021,Kanpur,29.2,Crime against children,6.71232876712329
2014,Kochi,21.2,Crime against children,3.5377358490566
2015,Kochi,21.2,Crime against children,3.58490566037736
2016,Kochi,21.2,Crime against children,4.05660377358491
2017,Kochi,21.2,Crime against children,6.50943396226415
2018,Kochi,21.2,Crime against children,6.55660377358491
2019,Kochi,21.2,Crime against children,8.30188679245283
2020,Kochi,21.2,Crime against children,5.94339622641509
2021,Kochi,21.2,Crime against children,6.50943396226415
2014,Kolkata,141.1,Crime against children,2.49468462083629
2015,Kolkata,141.1,Crime against children,2.70021261516655
2016,Kolkata,141.1,Crime against children,2.24663359319631
2017,Kolkata,141.1,Crime against children,4.55705173635719
2018,Kolkata,141.1,Crime against children,4.06803685329553
2019,Kolkata,141.1,Crime against children,1.99858256555634
2020,Kolkata,141.1,Crime against children,3.44436569808646
2021,Kolkata,141.1,Crime against children,3.5223245924876
2014,Kozhikode,20.3,Crime against children,3.34975369458128
2015,Kozhikode,20.3,Crime against children,4.33497536945813
2016,Kozhikode,20.3,Crime against children,4.5320197044335
2017,Kozhikode,20.3,Crime against children,6.50246305418719
2018,Kozhikode,20.3,Crime against children,7.73399014778325
2019,Kozhikode,20.3,Crime against children,9.80295566502463
2020,Kozhikode,20.3,Crime against children,6.7487684729064
2021,Kozhikode,20.3,Crime against children,7.98029556650246
2014,Lucknow,29,Crime against children,5.03448275862069
2015,Lucknow,29,Crime against children,4.82758620689655
2016,Lucknow,29,Crime against children,32.9655172413793
2017,Lucknow,29,Crime against children,23.2068965517241
2018,Lucknow,29,Crime against children,24.3448275862069
2019,Lucknow,29,Crime against children,10.6896551724138
2020,Lucknow,29,Crime against children,20.8275862068966
2021,Lucknow,29,Crime against children,21.8275862068966
2014,Mumbai,184.1,Crime against children,7.90874524714829
2015,Mumbai,184.1,Crime against children,17.3112438891907
2016,Mumbai,184.1,Crime against children,18.4682237914177
2017,Mumbai,184.1,Crime against children,20.5866376969039
2018,Mumbai,184.1,Crime against children,19.0711569799022
2019,Mumbai,184.1,Crime against children,19.7718631178707
2020,Mumbai,184.1,Crime against children,12.2107550244432
2021,Mumbai,184.1,Crime against children,15.0027159152634
2014,Nagpur,25,Crime against children,16.44
2015,Nagpur,25,Crime against children,27.72
2016,Nagpur,25,Crime against children,27.72
2017,Nagpur,25,Crime against children,29
2018,Nagpur,25,Crime against children,27.96
2019,Nagpur,25,Crime against children,31.72
2020,Nagpur,25,Crime against children,23.28
2021,Nagpur,25,Crime against children,37.44
2014,Patna,20.5,Crime against children,7.5609756097561
2015,Patna,20.5,Crime against children,9.31707317073171
2016,Patna,20.5,Crime against children,18.4390243902439
2017,Patna,20.5,Crime against children,4.09756097560976
2018,Patna,20.5,Crime against children,4.97560975609756
2019,Patna,20.5,Crime against children,12.4390243902439
2020,Patna,20.5,Crime against children,6.19512195121951
2021,Patna,20.5,Crime against children,6.68292682926829
2014,Pune,50.5,Crime against children,8.65346534653465
2015,Pune,50.5,Crime against children,21.6831683168317
2016,Pune,50.5,Crime against children,23.3663366336634
2017,Pune,50.5,Crime against children,26.4356435643564
2018,Pune,50.5,Crime against children,17.3663366336634
2019,Pune,50.5,Crime against children,18.7722772277228
2020,Pune,50.5,Crime against children,13.1683168316832
2021,Pune,50.5,Crime against children,16.5346534653465
2014,Surat,45.8,Crime against children,8.68995633187773
2015,Surat,45.8,Crime against children,8.58078602620087
2016,Surat,45.8,Crime against children,9.06113537117904
2017,Surat,45.8,Crime against children,11.4847161572052
2018,Surat,45.8,Crime against children,23.471615720524
2019,Surat,45.8,Crime against children,16.8122270742358
2020,Surat,45.8,Crime against children,9.14847161572052
2021,Surat,45.8,Crime against children,10.4585152838428
2014,Ahmedabad,63.5,Crime Committed by Juveniles,3.38582677165354
2015,Ahmedabad,63.5,Crime Committed by Juveniles,2.47244094488189
2016,Ahmedabad,63.5,Crime Committed by Juveniles,4.06299212598425
2017,Ahmedabad,63.5,Crime Committed by Juveniles,6.37795275590551
2018,Ahmedabad,63.5,Crime Committed by Juveniles,5.54330708661417
2019,Ahmedabad,63.5,Crime Committed by Juveniles,4.69291338582677
2020,Ahmedabad,63.5,Crime Committed by Juveniles,7.60629921259843
2021,Ahmedabad,63.5,Crime Committed by Juveniles,6.07874015748031
2014,Bengaluru,85,Crime Committed by Juveniles,1.25882352941176
2015,Bengaluru,85,Crime Committed by Juveniles,1.50588235294118
2016,Bengaluru,85,Crime Committed by Juveniles,2.41176470588235
2017,Bengaluru,85,Crime Committed by Juveniles,2.52941176470588
2018,Bengaluru,85,Crime Committed by Juveniles,2.57647058823529
2019,Bengaluru,85,Crime Committed by Juveniles,1.90588235294118
2020,Bengaluru,85,Crime Committed by Juveniles,2.01176470588235
2021,Bengaluru,85,Crime Committed by Juveniles,2.08235294117647
2014,Chennai,87,Crime Committed by Juveniles,3.02298850574713
2015,Chennai,87,Crime Committed by Juveniles,3.10344827586207
2016,Chennai,87,Crime Committed by Juveniles,4.49425287356322
2017,Chennai,87,Crime Committed by Juveniles,6.58620689655172
2018,Chennai,87,Crime Committed by Juveniles,5.77011494252873
2019,Chennai,87,Crime Committed by Juveniles,7.4367816091954
2020,Chennai,87,Crime Committed by Juveniles,8.88505747126437
2021,Chennai,87,Crime Committed by Juveniles,5.70114942528736
2014,Coimbatore,21.5,Crime Committed by Juveniles,0.0930232558139535
2015,Coimbatore,21.5,Crime Committed by Juveniles,2.51162790697674
2016,Coimbatore,21.5,Crime Committed by Juveniles,0.883720930232558
2017,Coimbatore,21.5,Crime Committed by Juveniles,1.58139534883721
2018,Coimbatore,21.5,Crime Committed by Juveniles,2.88372093023256
2019,Coimbatore,21.5,Crime Committed by Juveniles,1.3953488372093
2020,Coimbatore,21.5,Crime Committed by Juveniles,1.25581395348837
2021,Coimbatore,21.5,Crime Committed by Juveniles,0.883720930232558
2014,Delhi,163.1,Crime Committed by Juveniles,10.2452483139178
2015,Delhi,163.1,Crime Committed by Juveniles,12.1459227467811
2016,Delhi,163.1,Crime Committed by Juveniles,14.5187001839362
2017,Delhi,163.1,Crime Committed by Juveniles,16.4132434089516
2018,Delhi,163.1,Crime Committed by Juveniles,14.6413243408952
2019,Delhi,163.1,Crime Committed by Juveniles,16.9221336603311
2020,Delhi,163.1,Crime Committed by Juveniles,14.9356223175966
2021,Delhi,163.1,Crime Committed by Juveniles,16.0515021459228
2014,Ghaziabad,23.6,Crime Committed by Juveniles,1.0593220338983
2015,Ghaziabad,23.6,Crime Committed by Juveniles,0.635593220338983
2016,Ghaziabad,23.6,Crime Committed by Juveniles,0.296610169491525
2017,Ghaziabad,23.6,Crime Committed by Juveniles,0.847457627118644
2018,Ghaziabad,23.6,Crime Committed by Juveniles,0
2019,Ghaziabad,23.6,Crime Committed by Juveniles,0
2020,Ghaziabad,23.6,Crime Committed by Juveniles,0
2021,Ghaziabad,23.6,Crime Committed by Juveniles,0
2014,Hyderabad,77.5,Crime Committed by Juveniles,2.78709677419355
2015,Hyderabad,77.5,Crime Committed by Juveniles,1.2258064516129
2016,Hyderabad,77.5,Crime Committed by Juveniles,1.56129032258064
2017,Hyderabad,77.5,Crime Committed by Juveniles,3.14838709677419
2018,Hyderabad,77.5,Crime Committed by Juveniles,4.68387096774194
2019,Hyderabad,77.5,Crime Committed by Juveniles,4.51612903225806
2020,Hyderabad,77.5,Crime Committed by Juveniles,2.21935483870968
2021,Hyderabad,77.5,Crime Committed by Juveniles,2.54193548387097
2014,Indore,21.7,Crime Committed by Juveniles,16.221198156682
2015,Indore,21.7,Crime Committed by Juveniles,23.2718894009217
2016,Indore,21.7,Crime Committed by Juveniles,18.6175115207373
2017,Indore,21.7,Crime Committed by Juveniles,13.8248847926267
2018,Indore,21.7,Crime Committed by Juveniles,16.9585253456221
2019,Indore,21.7,Crime Committed by Juveniles,16.3594470046083
2020,Indore,21.7,Crime Committed by Juveniles,12.9493087557604
2021,Indore,21.7,Crime Committed by Juveniles,9.53917050691244
2014,Jaipur,30.7,Crime Committed by Juveniles,11.6612377850163
2015,Jaipur,30.7,Crime Committed by Juveniles,8.79478827361564
2016,Jaipur,30.7,Crime Committed by Juveniles,8.30618892508143
2017,Jaipur,30.7,Crime Committed by Juveniles,8.89250814332248
2018,Jaipur,30.7,Crime Committed by Juveniles,10.0325732899023
2019,Jaipur,30.7,Crime Committed by Juveniles,10.814332247557
2020,Jaipur,30.7,Crime Committed by Juveniles,6.38436482084691
2021,Jaipur,30.7,Crime Committed by Juveniles,7.23127035830619
2014,Kanpur,29.2,Crime Committed by Juveniles,4.48630136986301
2015,Kanpur,29.2,Crime Committed by Juveniles,0.273972602739726
2016,Kanpur,29.2,Crime Committed by Juveniles,0.479452054794521
2017,Kanpur,29.2,Crime Committed by Juveniles,0.308219178082192
2018,Kanpur,29.2,Crime Committed by Juveniles,0.308219178082192
2019,Kanpur,29.2,Crime Committed by Juveniles,0.342465753424658
2020,Kanpur,29.2,Crime Committed by Juveniles,0.513698630136986
2021,Kanpur,29.2,Crime Committed by Juveniles,0.410958904109589
2014,Kochi,21.2,Crime Committed by Juveniles,1.65094339622642
2015,Kochi,21.2,Crime Committed by Juveniles,1.9811320754717
2016,Kochi,21.2,Crime Committed by Juveniles,2.73584905660377
2017,Kochi,21.2,Crime Committed by Juveniles,2.45283018867925
2018,Kochi,21.2,Crime Committed by Juveniles,0.566037735849057
2019,Kochi,21.2,Crime Committed by Juveniles,0.471698113207547
2020,Kochi,21.2,Crime Committed by Juveniles,0.943396226415094
2021,Kochi,21.2,Crime Committed by Juveniles,1.0377358490566
2014,Kolkata,141.1,Crime Committed by Juveniles,0.467753366406804
2015,Kolkata,141.1,Crime Committed by Juveniles,0.368532955350815
2016,Kolkata,141.1,Crime Committed by Juveniles,0.134656272147413
2017,Kolkata,141.1,Crime Committed by Juveniles,0.248051027639972
2018,Kolkata,141.1,Crime Committed by Juveniles,0.163004961020553
2019,Kolkata,141.1,Crime Committed by Juveniles,0.255138199858257
2020,Kolkata,141.1,Crime Committed by Juveniles,0.687455705173636
2021,Kolkata,141.1,Crime Committed by Juveniles,0.177179305457123
2014,Kozhikode,20.3,Crime Committed by Juveniles,2.36453201970443
2015,Kozhikode,20.3,Crime Committed by Juveniles,3.8423645320197
2016,Kozhikode,20.3,Crime Committed by Juveniles,3.05418719211823
2017,Kozhikode,20.3,Crime Committed by Juveniles,1.87192118226601
2018,Kozhikode,20.3,Crime Committed by Juveniles,1.2807881773399
2019,Kozhikode,20.3,Crime Committed by Juveniles,1.08374384236453
2020,Kozhikode,20.3,Crime Committed by Juveniles,0.394088669950739
2021,Kozhikode,20.3,Crime Committed by Juveniles,1.08374384236453
2014,Lucknow,29,Crime Committed by Juveniles,0
2015,Lucknow,29,Crime Committed by Juveniles,0.758620689655172
2016,Lucknow,29,Crime Committed by Juveniles,1.41379310344828
2017,Lucknow,29,Crime Committed by Juveniles,0.586206896551724
2018,Lucknow,29,Crime Committed by Juveniles,3.3448275862069
2019,Lucknow,29,Crime Committed by Juveniles,2.17241379310345
2020,Lucknow,29,Crime Committed by Juveniles,4.13793103448276
2021,Lucknow,29,Crime Committed by Juveniles,3.10344827586207
2014,Mumbai,184.1,Crime Committed by Juveniles,5.02987506789788
2015,Mumbai,184.1,Crime Committed by Juveniles,5.09505703422053
2016,Mumbai,184.1,Crime Committed by Juveniles,5.13851167843563
2017,Mumbai,184.1,Crime Committed by Juveniles,4.96469310157523
2018,Mumbai,184.1,Crime Committed by Juveniles,4.68766974470397
2019,Mumbai,184.1,Crime Committed by Juveniles,3.3188484519283
2020,Mumbai,184.1,Crime Committed by Juveniles,1.80336773492667
2021,Mumbai,184.1,Crime Committed by Juveniles,1.80336773492667
2014,Nagpur,25,Crime Committed by Juveniles,9.56
2015,Nagpur,25,Crime Committed by Juveniles,11
2016,Nagpur,25,Crime Committed by Juveniles,16.16
2017,Nagpur,25,Crime Committed by Juveniles,19.52
2018,Nagpur,25,Crime Committed by Juveniles,12.2
2019,Nagpur,25,Crime Committed by Juveniles,14.76
2020,Nagpur,25,Crime Committed by Juveniles,10.96
2021,Nagpur,25,Crime Committed by Juveniles,14.04
2014,Patna,20.5,Crime Committed by Juveniles,6.09756097560976
2015,Patna,20.5,Crime Committed by Juveniles,6.97560975609756
2016,Patna,20.5,Crime Committed by Juveniles,5.21951219512195
2017,Patna,20.5,Crime Committed by Juveniles,7.85365853658537
2018,Patna,20.5,Crime Committed by Juveniles,0.439024390243902
2019,Patna,20.5,Crime Committed by Juveniles,0.731707317073171
2020,Patna,20.5,Crime Committed by Juveniles,1.36585365853659
2021,Patna,20.5,Crime Committed by Juveniles,0.439024390243902
2014,Pune,50.5,Crime Committed by Juveniles,8.65346534653465
2015,Pune,50.5,Crime Committed by Juveniles,12.8910891089109
2016,Pune,50.5,Crime Committed by Juveniles,14.8316831683168
2017,Pune,50.5,Crime Committed by Juveniles,14.1584158415842
2018,Pune,50.5,Crime Committed by Juveniles,9.56435643564356
2019,Pune,50.5,Crime Committed by Juveniles,5.92079207920792
2020,Pune,50.5,Crime Committed by Juveniles,4.81188118811881
2021,Pune,50.5,Crime Committed by Juveniles,5.7029702970297
2014,Surat,45.8,Crime Committed by Juveniles,6.15720524017467
2015,Surat,45.8,Crime Committed by Juveniles,5.76419213973799
2016,Surat,45.8,Crime Committed by Juveniles,4.73799126637555
2017,Surat,45.8,Crime Committed by Juveniles,9.51965065502183
2018,Surat,45.8,Crime Committed by Juveniles,8.93013100436681
2019,Surat,45.8,Crime Committed by Juveniles,11.2663755458515
2020,Surat,45.8,Crime Committed by Juveniles,6.50655021834061
2021,Surat,45.8,Crime Committed by Juveniles,7.75109170305677
2014,Ahmedabad,63.5,Crime against Senior Citizen,1.07086614173228
2015,Ahmedabad,63.5,Crime against Senior Citizen,0.267716535433071
2016,Ahmedabad,63.5,Crime against Senior Citizen,5.7007874015748
2017,Ahmedabad,63.5,Crime against Senior Citizen,8.40944881889764
2018,Ahmedabad,63.5,Crime against Senior Citizen,11.5433070866142
2019,Ahmedabad,63.5,Crime against Senior Citizen,12.503937007874
2020,Ahmedabad,63.5,Crime against Senior Citizen,11.1653543307087
2021,Ahmedabad,63.5,Crime against Senior Citizen,3.84251968503937
2014,Bengaluru,85,Crime against Senior Citizen,1.04705882352941
2015,Bengaluru,85,Crime against Senior Citizen,1.17647058823529
2016,Bengaluru,85,Crime against Senior Citizen,1.83529411764706
2017,Bengaluru,85,Crime against Senior Citizen,2.16470588235294
2018,Bengaluru,85,Crime against Senior Citizen,3.16470588235294
2019,Bengaluru,85,Crime against Senior Citizen,2.45882352941176
2020,Bengaluru,85,Crime against Senior Citizen,2.47058823529412
2021,Bengaluru,85,Crime against Senior Citizen,2.78823529411765
2014,Chennai,87,Crime against Senior Citizen,2.54022988505747
2015,Chennai,87,Crime against Senior Citizen,2.33333333333333
2016,Chennai,87,Crime against Senior Citizen,2.41379310344828
2017,Chennai,87,Crime against Senior Citizen,5.5632183908046
2018,Chennai,87,Crime against Senior Citizen,5.68965517241379
2019,Chennai,87,Crime against Senior Citizen,6.3448275862069
2020,Chennai,87,Crime against Senior Citizen,3.68965517241379
2021,Chennai,87,Crime against Senior Citizen,4.86206896551724
2014,Coimbatore,21.5,Crime against Senior Citizen,0.604651162790698
2015,Coimbatore,21.5,Crime against Senior Citizen,2.41860465116279
2016,Coimbatore,21.5,Crime against Senior Citizen,10.8372093023256
2017,Coimbatore,21.5,Crime against Senior Citizen,5.25581395348837
2018,Coimbatore,21.5,Crime against Senior Citizen,4.65116279069767
2019,Coimbatore,21.5,Crime against Senior Citizen,3.06976744186046
2020,Coimbatore,21.5,Crime against Senior Citizen,1.48837209302326
2021,Coimbatore,21.5,Crime against Senior Citizen,2.09302325581395
2014,Delhi,163.1,Crime against Senior Citizen,5.36480686695279
2015,Delhi,163.1,Crime against Senior Citizen,7.21030042918455
2016,Delhi,163.1,Crime against Senior Citizen,3.93623543838136
2017,Delhi,163.1,Crime against Senior Citizen,4.51256897608829
2018,Delhi,163.1,Crime against Senior Citizen,4.72103004291846
2019,Delhi,163.1,Crime against Senior Citizen,6.59717964438994
2020,Delhi,163.1,Crime against Senior Citizen,5.55487431023912
2021,Delhi,163.1,Crime against Senior Citizen,7.14898835070509
2014,Ghaziabad,23.6,Crime against Senior Citizen,0.296610169491525
2015,Ghaziabad,23.6,Crime against Senior Citizen,0.169491525423729
2016,Ghaziabad,23.6,Crime against Senior Citizen,0
2017,Ghaziabad,23.6,Crime against Senior Citizen,0.0423728813559322
2018,Ghaziabad,23.6,Crime against Senior Citizen,0.0423728813559322
2019,Ghaziabad,23.6,Crime against Senior Citizen,0
2020,Ghaziabad,23.6,Crime against Senior Citizen,0
2021,Ghaziabad,23.6,Crime against Senior Citizen,0
2014,Hyderabad,77.5,Crime against Senior Citizen,1.05806451612903
2015,Hyderabad,77.5,Crime against Senior Citizen,0.619354838709677
2016,Hyderabad,77.5,Crime against Senior Citizen,0.516129032258065
2017,Hyderabad,77.5,Crime against Senior Citizen,0.180645161290323
2018,Hyderabad,77.5,Crime against Senior Citizen,0.374193548387097
2019,Hyderabad,77.5,Crime against Senior Citizen,2.49032258064516
2020,Hyderabad,77.5,Crime against Senior Citizen,2.19354838709677
2021,Hyderabad,77.5,Crime against Senior Citizen,4.05161290322581
2014,Indore,21.7,Crime against Senior Citizen,3.41013824884793
2015,Indore,21.7,Crime against Senior Citizen,3.08755760368664
2016,Indore,21.7,Crime against Senior Citizen,2.67281105990783
2017,Indore,21.7,Crime against Senior Citizen,3.17972350230415
2018,Indore,21.7,Crime against Senior Citizen,5.25345622119816
2019,Indore,21.7,Crime against Senior Citizen,4.60829493087558
2020,Indore,21.7,Crime against Senior Citizen,4.3778801843318
2021,Indore,21.7,Crime against Senior Citizen,5.71428571428571
2014,Jaipur,30.7,Crime against Senior Citizen,3.81107491856678
2015,Jaipur,30.7,Crime against Senior Citizen,3.84364820846905
2016,Jaipur,30.7,Crime against Senior Citizen,3.51791530944625
2017,Jaipur,30.7,Crime against Senior Citizen,0.846905537459283
2018,Jaipur,30.7,Crime against Senior Citizen,0.553745928338762
2019,Jaipur,30.7,Crime against Senior Citizen,0.781758957654723
2020,Jaipur,30.7,Crime against Senior Citizen,5.11400651465798
2021,Jaipur,30.7,Crime against Senior Citizen,4.00651465798046
2014,Kanpur,29.2,Crime against Senior Citizen,0
2015,Kanpur,29.2,Crime against Senior Citizen,0
2016,Kanpur,29.2,Crime against Senior Citizen,0
2017,Kanpur,29.2,Crime against Senior Citizen,0
2018,Kanpur,29.2,Crime against Senior Citizen,0
2019,Kanpur,29.2,Crime against Senior Citizen,0
2020,Kanpur,29.2,Crime against Senior Citizen,0
2021,Kanpur,29.2,Crime against Senior Citizen,0
2014,Kochi,21.2,Crime against Senior Citizen,0.141509433962264
2015,Kochi,21.2,Crime against Senior Citizen,0.424528301886793
2016,Kochi,21.2,Crime against Senior Citizen,0.613207547169811
2017,Kochi,21.2,Crime against Senior Citizen,1.27358490566038
2018,Kochi,21.2,Crime against Senior Citizen,1.60377358490566
2019,Kochi,21.2,Crime against Senior Citizen,0.518867924528302
2020,Kochi,21.2,Crime against Senior Citizen,3.16037735849057
2021,Kochi,21.2,Crime against Senior Citizen,1.32075471698113
2014,Kolkata,141.1,Crime against Senior Citizen,0.113394755492558
2015,Kolkata,141.1,Crime against Senior Citizen,0.163004961020553
2016,Kolkata,141.1,Crime against Senior Citizen,0.184266477675407
2017,Kolkata,141.1,Crime against Senior Citizen,0.255138199858257
2018,Kolkata,141.1,Crime against Senior Citizen,0.311835577604536
2019,Kolkata,141.1,Crime against Senior Citizen,0.0992204110559887
2020,Kolkata,141.1,Crime against Senior Citizen,0.141743444365698
2021,Kolkata,141.1,Crime against Senior Citizen,0.0141743444365698
2014,Kozhikode,20.3,Crime against Senior Citizen,0.985221674876847
2015,Kozhikode,20.3,Crime against Senior Citizen,0.985221674876847
2016,Kozhikode,20.3,Crime against Senior Citizen,0.738916256157635
2017,Kozhikode,20.3,Crime against Senior Citizen,0.443349753694581
2018,Kozhikode,20.3,Crime against Senior Citizen,1.82266009852217
2019,Kozhikode,20.3,Crime against Senior Citizen,1.33004926108374
2020,Kozhikode,20.3,Crime against Senior Citizen,5.56650246305419
2021,Kozhikode,20.3,Crime against Senior Citizen,2.61083743842365
2014,Lucknow,29,Crime against Senior Citizen,0.172413793103448
2015,Lucknow,29,Crime against Senior Citizen,0.0689655172413793
2016,Lucknow,29,Crime against Senior Citizen,0.517241379310345
2017,Lucknow,29,Crime against Senior Citizen,0.551724137931034
2018,Lucknow,29,Crime against Senior Citizen,0.241379310344828
2019,Lucknow,29,Crime against Senior Citizen,0.275862068965517
2020,Lucknow,29,Crime against Senior Citizen,1.58620689655172
2021,Lucknow,29,Crime against Senior Citizen,1.79310344827586
2014,Mumbai,184.1,Crime against Senior Citizen,5.12764801738186
2015,Mumbai,184.1,Crime against Senior Citizen,6.08908202064096
2016,Mumbai,184.1,Crime against Senior Citizen,6.61596958174905
2017,Mumbai,184.1,Crime against Senior Citizen,6.05649103747963
2018,Mumbai,184.1,Crime against Senior Citizen,5.66539923954373
2019,Mumbai,184.1,Crime against Senior Citizen,6.68658337859859
2020,Mumbai,184.1,Crime against Senior Citizen,4.5844649646931
2021,Mumbai,184.1,Crime against Senior Citizen,5.36121673003802
2014,Nagpur,25,Crime against Senior Citizen,4.8
2015,Nagpur,25,Crime against Senior Citizen,7.08
2016,Nagpur,25,Crime against Senior Citizen,7.64
2017,Nagpur,25,Crime against Senior Citizen,4.84
2018,Nagpur,25,Crime against Senior Citizen,8.28
2019,Nagpur,25,Crime against Senior Citizen,4.24
2020,Nagpur,25,Crime against Senior Citizen,5.88
2021,Nagpur,25,Crime against Senior Citizen,10
2014,Patna,20.5,Crime against Senior Citizen,0.195121951219512
2015,Patna,20.5,Crime against Senior Citizen,0
2016,Patna,20.5,Crime against Senior Citizen,0
2017,Patna,20.5,Crime against Senior Citizen,0.341463414634146
2018,Patna,20.5,Crime against Senior Citizen,0
2019,Patna,20.5,Crime against Senior Citizen,0
2020,Patna,20.5,Crime against Senior Citizen,0
2021,Patna,20.5,Crime against Senior Citizen,0
2014,Pune,50.5,Crime against Senior Citizen,5.28712871287129
2015,Pune,50.5,Crime against Senior Citizen,3.16831683168317
2016,Pune,50.5,Crime against Senior Citizen,3.74257425742574
2017,Pune,50.5,Crime against Senior Citizen,3.52475247524753
2018,Pune,50.5,Crime against Senior Citizen,3.34653465346535
2019,Pune,50.5,Crime against Senior Citizen,4.43564356435644
2020,Pune,50.5,Crime against Senior Citizen,2.43564356435644
2021,Pune,50.5,Crime against Senior Citizen,2.97029702970297
2014,Surat,45.8,Crime against Senior Citizen,2.48908296943232
2015,Surat,45.8,Crime against Senior Citizen,3.47161572052402
2016,Surat,45.8,Crime against Senior Citizen,2.40174672489083
2017,Surat,45.8,Crime against Senior Citizen,2.86026200873363
2018,Surat,45.8,Crime against Senior Citizen,3.51528384279476
2019,Surat,45.8,Crime against Senior Citizen,5.06550218340611
2020,Surat,45.8,Crime against Senior Citizen,1.50655021834061
2021,Surat,45.8,Crime against Senior Citizen,1.4410480349345
2014,Ahmedabad,63.5,Crime against SC,1.03937007874016
2015,Ahmedabad,63.5,Crime against SC,0.94488188976378
2016,Ahmedabad,63.5,Crime against SC,1.51181102362205
2017,Ahmedabad,63.5,Crime against SC,1.8740157480315
2018,Ahmedabad,63.5,Crime against SC,2.28346456692913
2019,Ahmedabad,63.5,Crime against SC,2.53543307086614
2020,Ahmedabad,63.5,Crime against SC,2.14173228346457
2021,Ahmedabad,63.5,Crime against SC,2.64566929133858
2014,Bengaluru,85,Crime against SC,1.87058823529412
2015,Bengaluru,85,Crime against SC,1.64705882352941
2016,Bengaluru,85,Crime against SC,2.43529411764706
2017,Bengaluru,85,Crime against SC,2.45882352941176
2018,Bengaluru,85,Crime against SC,1.65882352941177
2019,Bengaluru,85,Crime against SC,1.95294117647059
2020,Bengaluru,85,Crime against SC,1.56470588235294
2021,Bengaluru,85,Crime against SC,1.95294117647059
2014,Chennai,87,Crime against SC,0.183908045977011
2015,Chennai,87,Crime against SC,0.149425287356322
2016,Chennai,87,Crime against SC,0.114942528735632
2017,Chennai,87,Crime against SC,0.160919540229885
2018,Chennai,87,Crime against SC,0.0574712643678161
2019,Chennai,87,Crime against SC,0.0919540229885057
2020,Chennai,87,Crime against SC,0.137931034482759
2021,Chennai,87,Crime against SC,0.264367816091954
2014,Coimbatore,21.5,Crime against SC,0.418604651162791
2015,Coimbatore,21.5,Crime against SC,0.13953488372093
2016,Coimbatore,21.5,Crime against SC,0.13953488372093
2017,Coimbatore,21.5,Crime against SC,0.0465116279069767
2018,Coimbatore,21.5,Crime against SC,0.0465116279069767
2019,Coimbatore,21.5,Crime against SC,0
2020,Coimbatore,21.5,Crime against SC,0.13953488372093
2021,Coimbatore,21.5,Crime against SC,0.837209302325581
2014,Delhi,163.1,Crime against SC,0.429184549356223
2015,Delhi,163.1,Crime against SC,0.20232985898222
2016,Delhi,163.1,Crime against SC,0.282035561005518
2017,Delhi,163.1,Crime against SC,0.208461066830165
2018,Delhi,163.1,Crime against SC,0.159411404046597
2019,Delhi,163.1,Crime against SC,0.423053341508277
2020,Delhi,163.1,Crime against SC,0.404659717964439
2021,Delhi,163.1,Crime against SC,0.797057020232986
2014,Ghaziabad,23.6,Crime against SC,1.61016949152542
2015,Ghaziabad,23.6,Crime against SC,1.65254237288136
2016,Ghaziabad,23.6,Crime against SC,2.71186440677966
2017,Ghaziabad,23.6,Crime against SC,1.69491525423729
2018,Ghaziabad,23.6,Crime against SC,1.73728813559322
2019,Ghaziabad,23.6,Crime against SC,1.77966101694915
2020,Ghaziabad,23.6,Crime against SC,0.932203389830508
2021,Ghaziabad,23.6,Crime against SC,1.77966101694915
2014,Hyderabad,77.5,Crime against SC,2.06451612903226
2015,Hyderabad,77.5,Crime against SC,1.49677419354839
2016,Hyderabad,77.5,Crime against SC,1.79354838709677
2017,Hyderabad,77.5,Crime against SC,1.00645161290323
2018,Hyderabad,77.5,Crime against SC,1.58709677419355
2019,Hyderabad,77.5,Crime against SC,1.50967741935484
2020,Hyderabad,77.5,Crime against SC,1.63870967741936
2021,Hyderabad,77.5,Crime against SC,1.34193548387097
2014,Indore,21.7,Crime against SC,2.76497695852535
2015,Indore,21.7,Crime against SC,2.53456221198157
2016,Indore,21.7,Crime against SC,1.65898617511521
2017,Indore,21.7,Crime against SC,1.61290322580645
2018,Indore,21.7,Crime against SC,1.75115207373272
2019,Indore,21.7,Crime against SC,1.5668202764977
2020,Indore,21.7,Crime against SC,1.84331797235023
2021,Indore,21.7,Crime against SC,2.3963133640553
2014,Jaipur,30.7,Crime against SC,9.6742671009772
2015,Jaipur,30.7,Crime against SC,9.6742671009772
2016,Jaipur,30.7,Crime against SC,7.13355048859935
2017,Jaipur,30.7,Crime against SC,2.73615635179153
2018,Jaipur,30.7,Crime against SC,5.86319218241042
2019,Jaipur,30.7,Crime against SC,11.1726384364821
2020,Jaipur,30.7,Crime against SC,7.65472312703583
2021,Jaipur,30.7,Crime against SC,11.7589576547231
2014,Kanpur,29.2,Crime against SC,5
2015,Kanpur,29.2,Crime against SC,3.21917808219178
2016,Kanpur,29.2,Crime against SC,3.66438356164384
2017,Kanpur,29.2,Crime against SC,4.69178082191781
2018,Kanpur,29.2,Crime against SC,4.69178082191781
2019,Kanpur,29.2,Crime against SC,5.78767123287671
2020,Kanpur,29.2,Crime against SC,5.58219178082192
2021,Kanpur,29.2,Crime against SC,5.65068493150685
2014,Kochi,21.2,Crime against SC,1.22641509433962
2015,Kochi,21.2,Crime against SC,0.943396226415094
2016,Kochi,21.2,Crime against SC,1.65094339622642
2017,Kochi,21.2,Crime against SC,0.990566037735849
2018,Kochi,21.2,Crime against SC,0.943396226415094
2019,Kochi,21.2,Crime against SC,0.754716981132076
2020,Kochi,21.2,Crime against SC,0.89622641509434
2021,Kochi,21.2,Crime against SC,0.613207547169811
2014,Kolkata,141.1,Crime against SC,0.0637845499645641
2015,Kolkata,141.1,Crime against SC,0.070871722182849
2016,Kolkata,141.1,Crime against SC,0.0637845499645641
2017,Kolkata,141.1,Crime against SC,0.0992204110559887
2018,Kolkata,141.1,Crime against SC,0.0992204110559887
2019,Kolkata,141.1,Crime against SC,0.0779588944011339
2020,Kolkata,141.1,Crime against SC,0.127569099929128
2021,Kolkata,141.1,Crime against SC,0.127569099929128
2014,Kozhikode,20.3,Crime against SC,0.886699507389162
2015,Kozhikode,20.3,Crime against SC,1.2807881773399
2016,Kozhikode,20.3,Crime against SC,1.42857142857143
2017,Kozhikode,20.3,Crime against SC,1.52709359605911
2018,Kozhikode,20.3,Crime against SC,1.2807881773399
2019,Kozhikode,20.3,Crime against SC,1.18226600985222
2020,Kozhikode,20.3,Crime against SC,0.985221674876847
2021,Kozhikode,20.3,Crime against SC,1.52709359605911
2014,Lucknow,29,Crime against SC,2.10344827586207
2015,Lucknow,29,Crime against SC,5.03448275862069
2016,Lucknow,29,Crime against SC,9.03448275862069
2017,Lucknow,29,Crime against SC,10.3103448275862
2018,Lucknow,29,Crime against SC,7.89655172413793
2019,Lucknow,29,Crime against SC,8.06896551724138
2020,Lucknow,29,Crime against SC,10.1724137931035
2021,Lucknow,29,Crime against SC,9.24137931034483
2014,Mumbai,184.1,Crime against SC,0.190114068441065
2015,Mumbai,184.1,Crime against SC,0.184682237914177
2016,Mumbai,184.1,Crime against SC,0.162954915806627
2017,Mumbai,184.1,Crime against SC,0.168386746333514
2018,Mumbai,184.1,Crime against SC,0.17925040738729
2019,Mumbai,184.1,Crime against SC,0.249864204236828
2020,Mumbai,184.1,Crime against SC,0.195545898967952
2021,Mumbai,184.1,Crime against SC,0.255296034763715
2014,Nagpur,25,Crime against SC,1.32
2015,Nagpur,25,Crime against SC,1.08
2016,Nagpur,25,Crime against SC,1.16
2017,Nagpur,25,Crime against SC,0.84
2018,Nagpur,25,Crime against SC,0.96
2019,Nagpur,25,Crime against SC,1.92
2020,Nagpur,25,Crime against SC,1.68
2021,Nagpur,25,Crime against SC,1.4
2014,Patna,20.5,Crime against SC,12.1463414634146
2015,Patna,20.5,Crime against SC,15.6585365853658
2016,Patna,20.5,Crime against SC,11.7560975609756
2017,Patna,20.5,Crime against SC,10.0975609756098
2018,Patna,20.5,Crime against SC,4.73170731707317
2019,Patna,20.5,Crime against SC,5.31707317073171
2020,Patna,20.5,Crime against SC,3.46341463414634
2021,Patna,20.5,Crime against SC,3.21951219512195
2014,Pune,50.5,Crime against SC,1.08910891089109
2015,Pune,50.5,Crime against SC,0.376237623762376
2016,Pune,50.5,Crime against SC,0.811881188118812
2017,Pune,50.5,Crime against SC,0.554455445544555
2018,Pune,50.5,Crime against SC,0.613861386138614
2019,Pune,50.5,Crime against SC,0.712871287128713
2020,Pune,50.5,Crime against SC,0.534653465346535
2021,Pune,50.5,Crime against SC,0.633663366336634
2014,Surat,45.8,Crime against SC,0.131004366812227
2015,Surat,45.8,Crime against SC,0.240174672489083
2016,Surat,45.8,Crime against SC,0.414847161572052
2017,Surat,45.8,Crime against SC,0.698689956331878
2018,Surat,45.8,Crime against SC,0.633187772925764
2019,Surat,45.8,Crime against SC,0.74235807860262
2020,Surat,45.8,Crime against SC,0.436681222707424
2021,Surat,45.8,Crime against SC,0.480349344978166
2014,Ahmedabad,63.5,Crime against ST,0.094488188976378
2015,Ahmedabad,63.5,Crime against ST,0.141732283464567
2016,Ahmedabad,63.5,Crime against ST,0.15748031496063
2017,Ahmedabad,63.5,Crime against ST,0.094488188976378
2018,Ahmedabad,63.5,Crime against ST,0.141732283464567
2019,Ahmedabad,63.5,Crime against ST,0.15748031496063
2020,Ahmedabad,63.5,Crime against ST,0.141732283464567
2021,Ahmedabad,63.5,Crime against ST,0.267716535433071
2014,Bengaluru,85,Crime against ST,0.0941176470588235
2015,Bengaluru,85,Crime against ST,0.105882352941176
2016,Bengaluru,85,Crime against ST,0.117647058823529
2017,Bengaluru,85,Crime against ST,0.105882352941176
2018,Bengaluru,85,Crime against ST,0.164705882352941
2019,Bengaluru,85,Crime against ST,0.141176470588235
2020,Bengaluru,85,Crime against ST,0.152941176470588
2021,Bengaluru,85,Crime against ST,0.141176470588235
2014,Chennai,87,Crime against ST,0
2015,Chennai,87,Crime against ST,0
2016,Chennai,87,Crime against ST,0
2017,Chennai,87,Crime against ST,0
2018,Chennai,87,Crime against ST,0.0114942528735632
2019,Chennai,87,Crime against ST,0
2020,Chennai,87,Crime against ST,0
2021,Chennai,87,Crime against ST,0
2014,Coimbatore,21.5,Crime against ST,0
2015,Coimbatore,21.5,Crime against ST,0
2016,Coimbatore,21.5,Crime against ST,0
2017,Coimbatore,21.5,Crime against ST,0
2018,Coimbatore,21.5,Crime against ST,0
2019,Coimbatore,21.5,Crime against ST,0
2020,Coimbatore,21.5,Crime against ST,0
2021,Coimbatore,21.5,Crime against ST,0
2014,Delhi,163.1,Crime against ST,0.0122624156958921
2015,Delhi,163.1,Crime against ST,0.0245248313917842
2016,Delhi,163.1,Crime against ST,0.0122624156958921
2017,Delhi,163.1,Crime against ST,0.0245248313917842
2018,Delhi,163.1,Crime against ST,0
2019,Delhi,163.1,Crime against ST,0.0122624156958921
2020,Delhi,163.1,Crime against ST,0.00613120784794604
2021,Delhi,163.1,Crime against ST,0.0306560392397302
2014,Ghaziabad,23.6,Crime against ST,0
2015,Ghaziabad,23.6,Crime against ST,0
2016,Ghaziabad,23.6,Crime against ST,0
2017,Ghaziabad,23.6,Crime against ST,0
2018,Ghaziabad,23.6,Crime against ST,0
2019,Ghaziabad,23.6,Crime against ST,0
2020,Ghaziabad,23.6,Crime against ST,0
2021,Ghaziabad,23.6,Crime against ST,0
2014,Hyderabad,77.5,Crime against ST,0.245161290322581
2015,Hyderabad,77.5,Crime against ST,0.270967741935484
2016,Hyderabad,77.5,Crime against ST,0.270967741935484
2017,Hyderabad,77.5,Crime against ST,0.232258064516129
2018,Hyderabad,77.5,Crime against ST,0.32258064516129
2019,Hyderabad,77.5,Crime against ST,0.206451612903226
2020,Hyderabad,77.5,Crime against ST,0.335483870967742
2021,Hyderabad,77.5,Crime against ST,0.361290322580645
2014,Indore,21.7,Crime against ST,0.368663594470046
2015,Indore,21.7,Crime against ST,0.32258064516129
2016,Indore,21.7,Crime against ST,0.276497695852535
2017,Indore,21.7,Crime against ST,0.32258064516129
2018,Indore,21.7,Crime against ST,0.32258064516129
2019,Indore,21.7,Crime against ST,0.414746543778802
2020,Indore,21.7,Crime against ST,0.552995391705069
2021,Indore,21.7,Crime against ST,0.599078341013825
2014,Jaipur,30.7,Crime against ST,2.11726384364821
2015,Jaipur,30.7,Crime against ST,2.76872964169381
2016,Jaipur,30.7,Crime against ST,2.86644951140065
2017,Jaipur,30.7,Crime against ST,1.49837133550489
2018,Jaipur,30.7,Crime against ST,2.47557003257329
2019,Jaipur,30.7,Crime against ST,5.47231270358306
2020,Jaipur,30.7,Crime against ST,4.36482084690554
2021,Jaipur,30.7,Crime against ST,5.04885993485342
2014,Kanpur,29.2,Crime against ST,0
2015,Kanpur,29.2,Crime against ST,0
2016,Kanpur,29.2,Crime against ST,0
2017,Kanpur,29.2,Crime against ST,0
2018,Kanpur,29.2,Crime against ST,0
2019,Kanpur,29.2,Crime against ST,0
2020,Kanpur,29.2,Crime against ST,0
2021,Kanpur,29.2,Crime against ST,0
2014,Kochi,21.2,Crime against ST,0.0943396226415094
2015,Kochi,21.2,Crime against ST,0.0471698113207547
2016,Kochi,21.2,Crime against ST,0.0943396226415094
2017,Kochi,21.2,Crime against ST,0
2018,Kochi,21.2,Crime against ST,0
2019,Kochi,21.2,Crime against ST,0.0943396226415094
2020,Kochi,21.2,Crime against ST,0.0943396226415094
2021,Kochi,21.2,Crime against ST,0.0943396226415094
2014,Kolkata,141.1,Crime against ST,0
2015,Kolkata,141.1,Crime against ST,0.0141743444365698
2016,Kolkata,141.1,Crime against ST,0.0141743444365698
2017,Kolkata,141.1,Crime against ST,0
2018,Kolkata,141.1,Crime against ST,0.0212615166548547
2019,Kolkata,141.1,Crime against ST,0.0354358610914245
2020,Kolkata,141.1,Crime against ST,0.0141743444365698
2021,Kolkata,141.1,Crime against ST,0
2014,Kozhikode,20.3,Crime against ST,0.0492610837438424
2015,Kozhikode,20.3,Crime against ST,0
2016,Kozhikode,20.3,Crime against ST,0
2017,Kozhikode,20.3,Crime against ST,0
2018,Kozhikode,20.3,Crime against ST,0.0492610837438424
2019,Kozhikode,20.3,Crime against ST,0
2020,Kozhikode,20.3,Crime against ST,0
2021,Kozhikode,20.3,Crime against ST,0.0492610837438424
2014,Lucknow,29,Crime against ST,0
2015,Lucknow,29,Crime against ST,0
2016,Lucknow,29,Crime against ST,0
2017,Lucknow,29,Crime against ST,0
2018,Lucknow,29,Crime against ST,0
2019,Lucknow,29,Crime against ST,0
2020,Lucknow,29,Crime against ST,0
2021,Lucknow,29,Crime against ST,0
2014,Mumbai,184.1,Crime against ST,0.0217273221075503
2015,Mumbai,184.1,Crime against ST,0.0108636610537751
2016,Mumbai,184.1,Crime against ST,0.0162954915806627
2017,Mumbai,184.1,Crime against ST,0.0162954915806627
2018,Mumbai,184.1,Crime against ST,0
2019,Mumbai,184.1,Crime against ST,0.0380228136882129
2020,Mumbai,184.1,Crime against ST,0.0325909831613254
2021,Mumbai,184.1,Crime against ST,0.0162954915806627
2014,Nagpur,25,Crime against ST,0.24
2015,Nagpur,25,Crime against ST,0.16
2016,Nagpur,25,Crime against ST,0.2
2017,Nagpur,25,Crime against ST,0.28
2018,Nagpur,25,Crime against ST,0
2019,Nagpur,25,Crime against ST,0.32
2020,Nagpur,25,Crime against ST,0.12
2021,Nagpur,25,Crime against ST,0.28
2014,Patna,20.5,Crime against ST,0
2015,Patna,20.5,Crime against ST,0
2016,Patna,20.5,Crime against ST,0
2017,Patna,20.5,Crime against ST,0
2018,Patna,20.5,Crime against ST,0
2019,Patna,20.5,Crime against ST,0
2020,Patna,20.5,Crime against ST,0
2021,Patna,20.5,Crime against ST,0
2014,Pune,50.5,Crime against ST,0
2015,Pune,50.5,Crime against ST,0.0198019801980198
2016,Pune,50.5,Crime against ST,0.0198019801980198
2017,Pune,50.5,Crime against ST,0.0198019801980198
2018,Pune,50.5,Crime against ST,0.0198019801980198
2019,Pune,50.5,Crime against ST,0
2020,Pune,50.5,Crime against ST,0.0198019801980198
2021,Pune,50.5,Crime against ST,0.0396039603960396
2014,Surat,45.8,Crime against ST,0.240174672489083
2015,Surat,45.8,Crime against ST,0.17467248908297
2016,Surat,45.8,Crime against ST,0.196506550218341
2017,Surat,45.8,Crime against ST,0.218340611353712
2018,Surat,45.8,Crime against ST,0.283842794759825
2019,Surat,45.8,Crime against ST,0.414847161572052
2020,Surat,45.8,Crime against ST,0.262008733624454
2021,Surat,45.8,Crime against ST,0.414847161572052
2014,Ahmedabad,63.5,Economic Offences,6.28346456692913
2015,Ahmedabad,63.5,Economic Offences,5.95275590551181
2016,Ahmedabad,63.5,Economic Offences,7.54330708661417
2017,Ahmedabad,63.5,Economic Offences,9.5748031496063
2018,Ahmedabad,63.5,Economic Offences,13.259842519685
2019,Ahmedabad,63.5,Economic Offences,13.5433070866142
2020,Ahmedabad,63.5,Economic Offences,11.5590551181102
2021,Ahmedabad,63.5,Economic Offences,12.0472440944882
2014,Bengaluru,85,Economic Offences,37.9294117647059
2015,Bengaluru,85,Economic Offences,41.4
2016,Bengaluru,85,Economic Offences,41.2352941176471
2017,Bengaluru,85,Economic Offences,40.7411764705882
2018,Bengaluru,85,Economic Offences,38.1294117647059
2019,Bengaluru,85,Economic Offences,33.5294117647059
2020,Bengaluru,85,Economic Offences,24.5294117647059
2021,Bengaluru,85,Economic Offences,31.9411764705882
2014,Chennai,87,Economic Offences,8.04597701149425
2015,Chennai,87,Economic Offences,6.41379310344828
2016,Chennai,87,Economic Offences,4.89655172413793
2017,Chennai,87,Economic Offences,7.62068965517241
2018,Chennai,87,Economic Offences,12.0689655172414
2019,Chennai,87,Economic Offences,9.32183908045977
2020,Chennai,87,Economic Offences,8
2021,Chennai,87,Economic Offences,9.6551724137931
2014,Coimbatore,21.5,Economic Offences,8.74418604651163
2015,Coimbatore,21.5,Economic Offences,7.95348837209302
2016,Coimbatore,21.5,Economic Offences,5.48837209302326
2017,Coimbatore,21.5,Economic Offences,6.74418604651163
2018,Coimbatore,21.5,Economic Offences,4.93023255813953
2019,Coimbatore,21.5,Economic Offences,5.02325581395349
2020,Coimbatore,21.5,Economic Offences,4.27906976744186
2021,Coimbatore,21.5,Economic Offences,8.46511627906977
2014,Delhi,163.1,Economic Offences,31.5021459227468
2015,Delhi,163.1,Economic Offences,39.2152053954629
2016,Delhi,163.1,Economic Offences,36.4316370324954
2017,Delhi,163.1,Economic Offences,29.4788473329246
2018,Delhi,163.1,Economic Offences,27.4003678724709
2019,Delhi,163.1,Economic Offences,29.5340282035561
2020,Delhi,163.1,Economic Offences,27.2532188841202
2021,Delhi,163.1,Economic Offences,31.2814224402207
2014,Ghaziabad,23.6,Economic Offences,19.2796610169491
2015,Ghaziabad,23.6,Economic Offences,18.3474576271186
2016,Ghaziabad,23.6,Economic Offences,18.6016949152542
2017,Ghaziabad,23.6,Economic Offences,20.0423728813559
2018,Ghaziabad,23.6,Economic Offences,23.3898305084746
2019,Ghaziabad,23.6,Economic Offences,16.0169491525424
2020,Ghaziabad,23.6,Economic Offences,24.0254237288136
2021,Ghaziabad,23.6,Economic Offences,25.2118644067797
2014,Hyderabad,77.5,Economic Offences,35.2774193548387
2015,Hyderabad,77.5,Economic Offences,30.0129032258065
2016,Hyderabad,77.5,Economic Offences,28.8903225806452
2017,Hyderabad,77.5,Economic Offences,26.2838709677419
2018,Hyderabad,77.5,Economic Offences,23.0709677419355
2019,Hyderabad,77.5,Economic Offences,24.4516129032258
2020,Hyderabad,77.5,Economic Offences,44.2193548387097
2021,Hyderabad,77.5,Economic Offences,62.7096774193548
2014,Indore,21.7,Economic Offences,10.9677419354839
2015,Indore,21.7,Economic Offences,9.44700460829493
2016,Indore,21.7,Economic Offences,14.7004608294931
2017,Indore,21.7,Economic Offences,12.1658986175115
2018,Indore,21.7,Economic Offences,12.3502304147465
2019,Indore,21.7,Economic Offences,20.9216589861751
2020,Indore,21.7,Economic Offences,12.5806451612903
2021,Indore,21.7,Economic Offences,18.2027649769585
2014,Jaipur,30.7,Economic Offences,161.596091205212
2015,Jaipur,30.7,Economic Offences,182.833876221498
2016,Jaipur,30.7,Economic Offences,154.462540716612
2017,Jaipur,30.7,Economic Offences,140.651465798046
2018,Jaipur,30.7,Economic Offences,142.833876221498
2019,Jaipur,30.7,Economic Offences,198.925081433225
2020,Jaipur,30.7,Economic Offences,104.788273615635
2021,Jaipur,30.7,Economic Offences,139.250814332248
2014,Kanpur,29.2,Economic Offences,16.027397260274
2015,Kanpur,29.2,Economic Offences,14.6575342465753
2016,Kanpur,29.2,Economic Offences,18.8698630136986
2017,Kanpur,29.2,Economic Offences,26.1986301369863
2018,Kanpur,29.2,Economic Offences,26.1986301369863
2019,Kanpur,29.2,Economic Offences,14.9657534246575
2020,Kanpur,29.2,Economic Offences,9.62328767123288
2021,Kanpur,29.2,Economic Offences,14.8287671232877
2014,Kochi,21.2,Economic Offences,36.2264150943396
2015,Kochi,21.2,Economic Offences,28.2075471698113
2016,Kochi,21.2,Economic Offences,27.2169811320755
2017,Kochi,21.2,Economic Offences,17.7830188679245
2018,Kochi,21.2,Economic Offences,21.7452830188679
2019,Kochi,21.2,Economic Offences,22.122641509434
2020,Kochi,21.2,Economic Offences,22.688679245283
2021,Kochi,21.2,Economic Offences,20.4716981132076
2014,Kolkata,141.1,Economic Offences,16.1304039688164
2015,Kolkata,141.1,Economic Offences,15.3862508858965
2016,Kolkata,141.1,Economic Offences,15.272856130404
2017,Kolkata,141.1,Economic Offences,15.5776045357902
2018,Kolkata,141.1,Economic Offences,19.3408929836995
2019,Kolkata,141.1,Economic Offences,16.491849751949
2020,Kolkata,141.1,Economic Offences,12.8773919206237
2021,Kolkata,141.1,Economic Offences,14.7200566973777
2014,Kozhikode,20.3,Economic Offences,15.0246305418719
2015,Kozhikode,20.3,Economic Offences,12.9556650246305
2016,Kozhikode,20.3,Economic Offences,6.99507389162562
2017,Kozhikode,20.3,Economic Offences,8.22660098522167
2018,Kozhikode,20.3,Economic Offences,6.60098522167488
2019,Kozhikode,20.3,Economic Offences,8.57142857142857
2020,Kozhikode,20.3,Economic Offences,14.7783251231527
2021,Kozhikode,20.3,Economic Offences,15.320197044335
2014,Lucknow,29,Economic Offences,46.5862068965517
2015,Lucknow,29,Economic Offences,42.1379310344828
2016,Lucknow,29,Economic Offences,54.6206896551724
2017,Lucknow,29,Economic Offences,65.0344827586207
2018,Lucknow,29,Economic Offences,86.3448275862069
2019,Lucknow,29,Economic Offences,103.827586206897
2020,Lucknow,29,Economic Offences,76.6896551724138
2021,Lucknow,29,Economic Offences,118.620689655172
2014,Mumbai,184.1,Economic Offences,23.2753938077132
2015,Mumbai,184.1,Economic Offences,24.4541010320478
2016,Mumbai,184.1,Economic Offences,22.7648017381858
2017,Mumbai,184.1,Economic Offences,24.2368278109723
2018,Mumbai,184.1,Economic Offences,26.089082020641
2019,Mumbai,184.1,Economic Offences,30.1792504073873
2020,Mumbai,184.1,Economic Offences,21.3307984790874
2021,Mumbai,184.1,Economic Offences,30.8039109179794
2014,Nagpur,25,Economic Offences,18.04
2015,Nagpur,25,Economic Offences,18.56
2016,Nagpur,25,Economic Offences,18.72
2017,Nagpur,25,Economic Offences,20.36
2018,Nagpur,25,Economic Offences,21.36
2019,Nagpur,25,Economic Offences,18.08
2020,Nagpur,25,Economic Offences,20.24
2021,Nagpur,25,Economic Offences,21.64
2014,Patna,20.5,Economic Offences,56.7317073170732
2015,Patna,20.5,Economic Offences,78.4390243902439
2016,Patna,20.5,Economic Offences,63.0243902439024
2017,Patna,20.5,Economic Offences,7.60975609756098
2018,Patna,20.5,Economic Offences,61.6585365853659
2019,Patna,20.5,Economic Offences,74.8780487804878
2020,Patna,20.5,Economic Offences,49.609756097561
2021,Patna,20.5,Economic Offences,57.609756097561
2014,Pune,50.5,Economic Offences,17.0693069306931
2015,Pune,50.5,Economic Offences,17.960396039604
2016,Pune,50.5,Economic Offences,21.960396039604
2017,Pune,50.5,Economic Offences,20.7128712871287
2018,Pune,50.5,Economic Offences,15.3861386138614
2019,Pune,50.5,Economic Offences,18.4950495049505
2020,Pune,50.5,Economic Offences,9.5049504950495
2021,Pune,50.5,Economic Offences,13.960396039604
2014,Surat,45.8,Economic Offences,8.29694323144105
2015,Surat,45.8,Economic Offences,9.19213973799127
2016,Surat,45.8,Economic Offences,9.95633187772926
2017,Surat,45.8,Economic Offences,15.6986899563319
2018,Surat,45.8,Economic Offences,18.1004366812227
2019,Surat,45.8,Economic Offences,17.5545851528384
2020,Surat,45.8,Economic Offences,8.75545851528384
2021,Surat,45.8,Economic Offences,14.4759825327511
2014,Ahmedabad,63.5,Cyber Crimes,0.503937007874016
2015,Ahmedabad,63.5,Cyber Crimes,0.440944881889764
2016,Ahmedabad,63.5,Cyber Crimes,1.21259842519685
2017,Ahmedabad,63.5,Cyber Crimes,1.76377952755906
2018,Ahmedabad,63.5,Cyber Crimes,3.33858267716535
2019,Ahmedabad,63.5,Cyber Crimes,2.69291338582677
2020,Ahmedabad,63.5,Cyber Crimes,6.62992125984252
2021,Ahmedabad,63.5,Cyber Crimes,7.03937007874016
2014,Bengaluru,85,Cyber Crimes,7.94117647058824
2015,Bengaluru,85,Cyber Crimes,12.2588235294118
2016,Bengaluru,85,Cyber Crimes,8.96470588235294
2017,Bengaluru,85,Cyber Crimes,32.2705882352941
2018,Bengaluru,85,Cyber Crimes,61.8
2019,Bengaluru,85,Cyber Crimes,124.176470588235
2020,Bengaluru,85,Cyber Crimes,104.611764705882
2021,Bengaluru,85,Cyber Crimes,75.5647058823529
2014,Chennai,87,Cyber Crimes,0.390804597701149
2015,Chennai,87,Cyber Crimes,0.333333333333333
2016,Chennai,87,Cyber Crimes,0.298850574712644
2017,Chennai,87,Cyber Crimes,0.597701149425287
2018,Chennai,87,Cyber Crimes,0.839080459770115
2019,Chennai,87,Cyber Crimes,1.35632183908046
2020,Chennai,87,Cyber Crimes,2.13793103448276
2021,Chennai,87,Cyber Crimes,0.873563218390805
2014,Coimbatore,21.5,Cyber Crimes,0.930232558139535
2015,Coimbatore,21.5,Cyber Crimes,0.930232558139535
2016,Coimbatore,21.5,Cyber Crimes,0.837209302325581
2017,Coimbatore,21.5,Cyber Crimes,0.883720930232558
2018,Coimbatore,21.5,Cyber Crimes,0.697674418604651
2019,Coimbatore,21.5,Cyber Crimes,0.372093023255814
2020,Coimbatore,21.5,Cyber Crimes,0.186046511627907
2021,Coimbatore,21.5,Cyber Crimes,2.04651162790698
2014,Delhi,163.1,Cyber Crimes,1.37339055793991
2015,Delhi,163.1,Cyber Crimes,1.03617412630288
2016,Delhi,163.1,Cyber Crimes,0.551808706315144
2017,Delhi,163.1,Cyber Crimes,0.876762722256284
2018,Delhi,163.1,Cyber Crimes,0.999386879215205
2019,Delhi,163.1,Cyber Crimes,0.656039239730227
2020,Delhi,163.1,Cyber Crimes,1.01778050275904
2021,Delhi,163.1,Cyber Crimes,2.11526670754139
2014,Ghaziabad,23.6,Cyber Crimes,2.58474576271186
2015,Ghaziabad,23.6,Cyber Crimes,1.0593220338983
2016,Ghaziabad,23.6,Cyber Crimes,2.6271186440678
2017,Ghaziabad,23.6,Cyber Crimes,5
2018,Ghaziabad,23.6,Cyber Crimes,8.09322033898305
2019,Ghaziabad,23.6,Cyber Crimes,14.7033898305085
2020,Ghaziabad,23.6,Cyber Crimes,32.0338983050847
2021,Ghaziabad,23.6,Cyber Crimes,19.1101694915254
2014,Hyderabad,77.5,Cyber Crimes,4.98064516129032
2015,Hyderabad,77.5,Cyber Crimes,4.76129032258065
2016,Hyderabad,77.5,Cyber Crimes,3.75483870967742
2017,Hyderabad,77.5,Cyber Crimes,4.23225806451613
2018,Hyderabad,77.5,Cyber Crimes,5.52258064516129
2019,Hyderabad,77.5,Cyber Crimes,17.7935483870968
2020,Hyderabad,77.5,Cyber Crimes,32.941935483871
2021,Hyderabad,77.5,Cyber Crimes,42.6193548387097
2014,Indore,21.7,Cyber Crimes,2.90322580645161
2015,Indore,21.7,Cyber Crimes,2.99539170506912
2016,Indore,21.7,Cyber Crimes,0.967741935483871
2017,Indore,21.7,Cyber Crimes,1.47465437788018
2018,Indore,21.7,Cyber Crimes,1.79723502304148
2019,Indore,21.7,Cyber Crimes,1.88940092165899
2020,Indore,21.7,Cyber Crimes,2.11981566820277
2021,Indore,21.7,Cyber Crimes,1.70506912442396
2014,Jaipur,30.7,Cyber Crimes,12.1824104234528
2015,Jaipur,30.7,Cyber Crimes,18.3387622149837
2016,Jaipur,30.7,Cyber Crimes,17.328990228013
2017,Jaipur,30.7,Cyber Crimes,22.3127035830619
2018,Jaipur,30.7,Cyber Crimes,13.5179153094463
2019,Jaipur,30.7,Cyber Crimes,17.7198697068404
2020,Jaipur,30.7,Cyber Crimes,6.25407166123779
2021,Jaipur,30.7,Cyber Crimes,8.27361563517915
2014,Kanpur,29.2,Cyber Crimes,1.50684931506849
2015,Kanpur,29.2,Cyber Crimes,11.5753424657534
2016,Kanpur,29.2,Cyber Crimes,4.65753424657534
2017,Kanpur,29.2,Cyber Crimes,7.84246575342466
2018,Kanpur,29.2,Cyber Crimes,7.84246575342466
2019,Kanpur,29.2,Cyber Crimes,12.5
2020,Kanpur,29.2,Cyber Crimes,10.2739726027397
2021,Kanpur,29.2,Cyber Crimes,15.3767123287671
2014,Kochi,21.2,Cyber Crimes,2.97169811320755
2015,Kochi,21.2,Cyber Crimes,1.22641509433962
2016,Kochi,21.2,Cyber Crimes,1.55660377358491
2017,Kochi,21.2,Cyber Crimes,1.83962264150943
2018,Kochi,21.2,Cyber Crimes,2.26415094339623
2019,Kochi,21.2,Cyber Crimes,2.02830188679245
2020,Kochi,21.2,Cyber Crimes,2.92452830188679
2021,Kochi,21.2,Cyber Crimes,2.92452830188679
2014,Kolkata,141.1,Cyber Crimes,0.694542877391921
2015,Kolkata,141.1,Cyber Crimes,0.786676116229624
2016,Kolkata,141.1,Cyber Crimes,1.19064493267186
2017,Kolkata,141.1,Cyber Crimes,1.38908575478384
2018,Kolkata,141.1,Cyber Crimes,0.226789510985117
2019,Kolkata,141.1,Cyber Crimes,1.13394755492559
2020,Kolkata,141.1,Cyber Crimes,1.218993621545
2021,Kolkata,141.1,Cyber Crimes,1.55917788802268
2014,Kozhikode,20.3,Cyber Crimes,1.03448275862069
2015,Kozhikode,20.3,Cyber Crimes,0.492610837438424
2016,Kozhikode,20.3,Cyber Crimes,0.788177339901478
2017,Kozhikode,20.3,Cyber Crimes,0.591133004926108
2018,Kozhikode,20.3,Cyber Crimes,1.33004926108374
2019,Kozhikode,20.3,Cyber Crimes,0.738916256157635
2020,Kozhikode,20.3,Cyber Crimes,0.591133004926108
2021,Kozhikode,20.3,Cyber Crimes,1.82266009852217
2014,Lucknow,29,Cyber Crimes,7.06896551724138
2015,Lucknow,29,Cyber Crimes,11.3448275862069
2016,Lucknow,29,Cyber Crimes,12.448275862069
2017,Lucknow,29,Cyber Crimes,20.9655172413793
2018,Lucknow,29,Cyber Crimes,33.1724137931034
2019,Lucknow,29,Cyber Crimes,43.5172413793103
2020,Lucknow,29,Cyber Crimes,50.5172413793103
2021,Lucknow,29,Cyber Crimes,36.7931034482759
2014,Mumbai,184.1,Cyber Crimes,3.30255296034764
2015,Mumbai,184.1,Cyber Crimes,5.31776208582292
2016,Mumbai,184.1,Cyber Crimes,5.32319391634981
2017,Mumbai,184.1,Cyber Crimes,7.39815317762086
2018,Mumbai,184.1,Cyber Crimes,8.04997284084737
2019,Mumbai,184.1,Cyber Crimes,13.7262357414449
2020,Mumbai,184.1,Cyber Crimes,13.2156436719174
2021,Mumbai,184.1,Cyber Crimes,15.6599674090168
2014,Nagpur,25,Cyber Crimes,2.16
2015,Nagpur,25,Cyber Crimes,4.08
2016,Nagpur,25,Cyber Crimes,3.88
2017,Nagpur,25,Cyber Crimes,3.24
2018,Nagpur,25,Cyber Crimes,4.24
2019,Nagpur,25,Cyber Crimes,4.76
2020,Nagpur,25,Cyber Crimes,9.72
2021,Nagpur,25,Cyber Crimes,7.68
2014,Patna,20.5,Cyber Crimes,4.09756097560976
2015,Patna,20.5,Cyber Crimes,9.12195121951219
2016,Patna,20.5,Cyber Crimes,8.14634146341463
2017,Patna,20.5,Cyber Crimes,3.85365853658537
2018,Patna,20.5,Cyber Crimes,5.60975609756098
2019,Patna,20.5,Cyber Crimes,9.85365853658537
2020,Patna,20.5,Cyber Crimes,15.219512195122
2021,Patna,20.5,Cyber Crimes,14.8292682926829
2014,Pune,50.5,Cyber Crimes,2.77227722772277
2015,Pune,50.5,Cyber Crimes,1.68316831683168
2016,Pune,50.5,Cyber Crimes,5.32673267326733
2017,Pune,50.5,Cyber Crimes,6.2970297029703
2018,Pune,50.5,Cyber Crimes,3.02970297029703
2019,Pune,50.5,Cyber Crimes,6.11881188118812
2020,Pune,50.5,Cyber Crimes,4.71287128712871
2021,Pune,50.5,Cyber Crimes,4.45544554455446
2014,Surat,45.8,Cyber Crimes,1.72489082969432
2015,Surat,45.8,Cyber Crimes,1.83406113537118
2016,Surat,45.8,Cyber Crimes,1.4410480349345
2017,Surat,45.8,Cyber Crimes,2.29257641921397
2018,Surat,45.8,Cyber Crimes,3.38427947598253
2019,Surat,45.8,Cyber Crimes,4.97816593886463
2020,Surat,45.8,Cyber Crimes,4.45414847161572
2021,Surat,45.8,Cyber Crimes,6.46288209606987